[
    {
        "label": "STATE",
        "pattern": "Acre",
        "id": "acre"
    },
    {
        "label": "STATE",
        "pattern": "AC",
        "id": "acre"
    },
    {
        "label": "STATE",
        "pattern": "Alagoas",
        "id": "alagoas"
    },
    {
        "label": "STATE",
        "pattern": "AL",
        "id": "alagoas"
    },
    {
        "label": "STATE",
        "pattern": "Amap\u00e1",
        "id": "amap\u00e1"
    },
    {
        "label": "STATE",
        "pattern": "AP",
        "id": "amap\u00e1"
    },
    {
        "label": "STATE",
        "pattern": "Amazonas",
        "id": "amazonas"
    },
    {
        "label": "STATE",
        "pattern": "AM",
        "id": "amazonas"
    },
    {
        "label": "STATE",
        "pattern": "Bahia",
        "id": "bahia"
    },
    {
        "label": "STATE",
        "pattern": "BA",
        "id": "bahia"
    },
    {
        "label": "STATE",
        "pattern": "Cear\u00e1",
        "id": "cear\u00e1"
    },
    {
        "label": "STATE",
        "pattern": "CE",
        "id": "cear\u00e1"
    },
    {
        "label": "STATE",
        "pattern": "Distrito Federal",
        "id": "distrito federal"
    },
    {
        "label": "STATE",
        "pattern": "DF",
        "id": "distrito federal"
    },
    {
        "label": "STATE",
        "pattern": "Esp\u00edrito Santo",
        "id": "esp\u00edrito santo"
    },
    {
        "label": "STATE",
        "pattern": "ES",
        "id": "esp\u00edrito santo"
    },
    {
        "label": "STATE",
        "pattern": "Goi\u00e1s",
        "id": "goi\u00e1s"
    },
    {
        "label": "STATE",
        "pattern": "GO",
        "id": "goi\u00e1s"
    },
    {
        "label": "STATE",
        "pattern": "Maranh\u00e3o",
        "id": "maranh\u00e3o"
    },
    {
        "label": "STATE",
        "pattern": "MA",
        "id": "maranh\u00e3o"
    },
    {
        "label": "STATE",
        "pattern": "Mato Grosso",
        "id": "mato grosso"
    },
    {
        "label": "STATE",
        "pattern": "MT",
        "id": "mato grosso"
    },
    {
        "label": "STATE",
        "pattern": "Mato Grosso do Sul",
        "id": "mato grosso do sul"
    },
    {
        "label": "STATE",
        "pattern": "MS",
        "id": "mato grosso do sul"
    },
    {
        "label": "STATE",
        "pattern": "Minas Gerais",
        "id": "minas gerais"
    },
    {
        "label": "STATE",
        "pattern": "MG",
        "id": "minas gerais"
    },
    {
        "label": "STATE",
        "pattern": "Par\u00e1",
        "id": "par\u00e1"
    },
    {
        "label": "STATE",
        "pattern": "PA",
        "id": "par\u00e1"
    },
    {
        "label": "STATE",
        "pattern": "Para\u00edba",
        "id": "para\u00edba"
    },
    {
        "label": "STATE",
        "pattern": "PB",
        "id": "para\u00edba"
    },
    {
        "label": "STATE",
        "pattern": "Paran\u00e1",
        "id": "paran\u00e1"
    },
    {
        "label": "STATE",
        "pattern": "PR",
        "id": "paran\u00e1"
    },
    {
        "label": "STATE",
        "pattern": "Pernambuco",
        "id": "pernambuco"
    },
    {
        "label": "STATE",
        "pattern": "PE",
        "id": "pernambuco"
    },
    {
        "label": "STATE",
        "pattern": "Piau\u00ed",
        "id": "piau\u00ed"
    },
    {
        "label": "STATE",
        "pattern": "PI",
        "id": "piau\u00ed"
    },
    {
        "label": "STATE",
        "pattern": "Rio de Janeiro",
        "id": "rio de janeiro"
    },
    {
        "label": "STATE",
        "pattern": "RJ",
        "id": "rio de janeiro"
    },
    {
        "label": "STATE",
        "pattern": "Rio Grande do Norte",
        "id": "rio grande do norte"
    },
    {
        "label": "STATE",
        "pattern": "RN",
        "id": "rio grande do norte"
    },
    {
        "label": "STATE",
        "pattern": "Rio Grande do Sul",
        "id": "rio grande do sul"
    },
    {
        "label": "STATE",
        "pattern": "RS",
        "id": "rio grande do sul"
    },
    {
        "label": "STATE",
        "pattern": "Rond\u00f4nia",
        "id": "rond\u00f4nia"
    },
    {
        "label": "STATE",
        "pattern": "RO",
        "id": "rond\u00f4nia"
    },
    {
        "label": "STATE",
        "pattern": "Roraima",
        "id": "roraima"
    },
    {
        "label": "STATE",
        "pattern": "RR",
        "id": "roraima"
    },
    {
        "label": "STATE",
        "pattern": "Santa Catarina",
        "id": "santa catarina"
    },
    {
        "label": "STATE",
        "pattern": "SC",
        "id": "santa catarina"
    },
    {
        "label": "STATE",
        "pattern": "S\u00e3o Paulo",
        "id": "s\u00e3o paulo"
    },
    {
        "label": "STATE",
        "pattern": "SP",
        "id": "s\u00e3o paulo"
    },
    {
        "label": "STATE",
        "pattern": "Sergipe",
        "id": "sergipe"
    },
    {
        "label": "STATE",
        "pattern": "SE",
        "id": "sergipe"
    },
    {
        "label": "STATE",
        "pattern": "Tocantins",
        "id": "tocantins"
    },
    {
        "label": "STATE",
        "pattern": "TO",
        "id": "tocantins"
    }
]